/*
 Navicat Premium Data Transfer

 Source Server         : mysql
 Source Server Type    : MySQL
 Source Server Version : 50731
 Source Host           : localhost:3306
 Source Schema         : demo

 Target Server Type    : MySQL
 Target Server Version : 50731
 File Encoding         : 65001

 Date: 22/11/2020 18:01:14
*/

SET NAMES utf8mb4;
SET FOREIGN_KEY_CHECKS = 0;

-- ----------------------------
-- Table structure for ums_admin
-- ----------------------------
DROP TABLE IF EXISTS `ums_admin`;
CREATE TABLE `ums_admin` (
  `id` bigint(20) NOT NULL AUTO_INCREMENT,
  `username` varchar(64) DEFAULT NULL,
  `password` varchar(64) DEFAULT NULL,
  `icon` varchar(500) DEFAULT NULL COMMENT '头像',
  `email` varchar(100) DEFAULT NULL COMMENT '邮箱',
  `nick_name` varchar(200) DEFAULT NULL COMMENT '昵称',
  `note` varchar(500) DEFAULT NULL COMMENT '备注信息',
  `create_time` datetime DEFAULT NULL COMMENT '创建时间',
  `login_time` datetime DEFAULT NULL COMMENT '最后登录时间',
  `status` int(1) DEFAULT '1' COMMENT '帐号启用状态：0->禁用；1->启用',
  PRIMARY KEY (`id`)
) ENGINE=InnoDB AUTO_INCREMENT=9 DEFAULT CHARSET=utf8 COMMENT='后台用户表';

-- ----------------------------
-- Records of ums_admin
-- ----------------------------
BEGIN;
INSERT INTO `ums_admin` VALUES (1, 'test', '$2a$10$NZ5o7r2E.ayT2ZoxgjlI.eJ6OEYqjH7INR/F.mXDbjZJi9HF0YCVG', 'http://macro-oss.oss-cn-shenzhen.aliyuncs.com/mall/images/20180607/timg.jpg', 'test@qq.com', '测试账号', NULL, '2018-09-29 13:55:30', '2018-09-29 13:55:39', 1);
INSERT INTO `ums_admin` VALUES (3, 'admin', '$2a$10$.E1FokumK5GIXWgKlg.Hc.i/0/2.qdAwYFL1zc5QHdyzpXOr38RZO', 'http://macro-oss.oss-cn-shenzhen.aliyuncs.com/mall/images/20180607/timg.jpg', 'admin@163.com', '系统管理员', '系统管理员', '2018-10-08 13:32:47', '2019-04-20 12:45:16', 1);
INSERT INTO `ums_admin` VALUES (4, 'macro', '$2a$10$Bx4jZPR7GhEpIQfefDQtVeS58GfT5n6mxs/b4nLLK65eMFa16topa', 'string', 'macro@qq.com', 'macro', 'macro专用', '2019-10-06 15:53:51', '2020-02-03 14:55:55', 1);
INSERT INTO `ums_admin` VALUES (6, 'productAdmin', '$2a$10$6/.J.p.6Bhn7ic4GfoB5D.pGd7xSiD1a9M6ht6yO0fxzlKJPjRAGm', NULL, 'product@qq.com', '商品管理员', '只有商品权限', '2020-02-07 16:15:08', NULL, 1);
INSERT INTO `ums_admin` VALUES (7, 'orderAdmin', '$2a$10$UqEhA9UZXjHHA3B.L9wNG.6aerrBjC6WHTtbv1FdvYPUI.7lkL6E.', NULL, 'order@qq.com', '订单管理员', '只有订单管理权限', '2020-02-07 16:15:50', NULL, 1);
COMMIT;

-- ----------------------------
-- Table structure for ums_admin_login_log
-- ----------------------------
DROP TABLE IF EXISTS `ums_admin_login_log`;
CREATE TABLE `ums_admin_login_log` (
  `id` bigint(20) NOT NULL AUTO_INCREMENT,
  `admin_id` bigint(20) DEFAULT NULL,
  `create_time` datetime DEFAULT NULL,
  `ip` varchar(64) DEFAULT NULL,
  `address` varchar(100) DEFAULT NULL,
  `user_agent` varchar(100) DEFAULT NULL COMMENT '浏览器登录类型',
  PRIMARY KEY (`id`)
) ENGINE=InnoDB DEFAULT CHARSET=utf8 COMMENT='后台用户登录日志表';

-- ----------------------------
-- Records of ums_admin_login_log
-- ----------------------------
BEGIN;
COMMIT;

-- ----------------------------
-- Table structure for ums_admin_permission_relation
-- ----------------------------
DROP TABLE IF EXISTS `ums_admin_permission_relation`;
CREATE TABLE `ums_admin_permission_relation` (
  `id` bigint(20) NOT NULL AUTO_INCREMENT,
  `admin_id` bigint(20) DEFAULT NULL,
  `permission_id` bigint(20) DEFAULT NULL,
  `type` int(1) DEFAULT NULL,
  PRIMARY KEY (`id`)
) ENGINE=InnoDB DEFAULT CHARSET=utf8 COMMENT='后台用户和权限关系表(除角色中定义的权限以外的加减权限)';

-- ----------------------------
-- Records of ums_admin_permission_relation
-- ----------------------------
BEGIN;
COMMIT;

-- ----------------------------
-- Table structure for ums_admin_role_relation
-- ----------------------------
DROP TABLE IF EXISTS `ums_admin_role_relation`;
CREATE TABLE `ums_admin_role_relation` (
  `id` bigint(20) NOT NULL AUTO_INCREMENT,
  `admin_id` bigint(20) DEFAULT NULL,
  `role_id` bigint(20) DEFAULT NULL,
  PRIMARY KEY (`id`)
) ENGINE=InnoDB AUTO_INCREMENT=31 DEFAULT CHARSET=utf8 COMMENT='后台用户和角色关系表';

-- ----------------------------
-- Records of ums_admin_role_relation
-- ----------------------------
BEGIN;
INSERT INTO `ums_admin_role_relation` VALUES (26, 3, 5);
INSERT INTO `ums_admin_role_relation` VALUES (27, 6, 1);
INSERT INTO `ums_admin_role_relation` VALUES (28, 7, 2);
INSERT INTO `ums_admin_role_relation` VALUES (29, 1, 5);
INSERT INTO `ums_admin_role_relation` VALUES (30, 4, 5);
COMMIT;

-- ----------------------------
-- Table structure for ums_growth_change_history
-- ----------------------------
DROP TABLE IF EXISTS `ums_growth_change_history`;
CREATE TABLE `ums_growth_change_history` (
  `id` bigint(20) NOT NULL AUTO_INCREMENT,
  `member_id` bigint(20) DEFAULT NULL,
  `create_time` datetime DEFAULT NULL,
  `change_type` int(1) DEFAULT NULL COMMENT '改变类型：0->增加；1->减少',
  `change_count` int(11) DEFAULT NULL COMMENT '积分改变数量',
  `operate_man` varchar(100) DEFAULT NULL COMMENT '操作人员',
  `operate_note` varchar(200) DEFAULT NULL COMMENT '操作备注',
  `source_type` int(1) DEFAULT NULL COMMENT '积分来源：0->购物；1->管理员修改',
  PRIMARY KEY (`id`)
) ENGINE=InnoDB AUTO_INCREMENT=2 DEFAULT CHARSET=utf8 COMMENT='成长值变化历史记录表';

-- ----------------------------
-- Records of ums_growth_change_history
-- ----------------------------
BEGIN;
INSERT INTO `ums_growth_change_history` VALUES (1, 1, '2018-08-29 17:16:35', 0, 1000, 'test', '测试使用', 1);
COMMIT;

-- ----------------------------
-- Table structure for ums_integration_change_history
-- ----------------------------
DROP TABLE IF EXISTS `ums_integration_change_history`;
CREATE TABLE `ums_integration_change_history` (
  `id` bigint(20) NOT NULL AUTO_INCREMENT,
  `member_id` bigint(20) DEFAULT NULL,
  `create_time` datetime DEFAULT NULL,
  `change_type` int(1) DEFAULT NULL COMMENT '改变类型：0->增加；1->减少',
  `change_count` int(11) DEFAULT NULL COMMENT '积分改变数量',
  `operate_man` varchar(100) DEFAULT NULL COMMENT '操作人员',
  `operate_note` varchar(200) DEFAULT NULL COMMENT '操作备注',
  `source_type` int(1) DEFAULT NULL COMMENT '积分来源：0->购物；1->管理员修改',
  PRIMARY KEY (`id`)
) ENGINE=InnoDB DEFAULT CHARSET=utf8 COMMENT='积分变化历史记录表';

-- ----------------------------
-- Records of ums_integration_change_history
-- ----------------------------
BEGIN;
COMMIT;

-- ----------------------------
-- Table structure for ums_integration_consume_setting
-- ----------------------------
DROP TABLE IF EXISTS `ums_integration_consume_setting`;
CREATE TABLE `ums_integration_consume_setting` (
  `id` bigint(20) NOT NULL AUTO_INCREMENT,
  `deduction_per_amount` int(11) DEFAULT NULL COMMENT '每一元需要抵扣的积分数量',
  `max_percent_per_order` int(11) DEFAULT NULL COMMENT '每笔订单最高抵用百分比',
  `use_unit` int(11) DEFAULT NULL COMMENT '每次使用积分最小单位100',
  `coupon_status` int(1) DEFAULT NULL COMMENT '是否可以和优惠券同用；0->不可以；1->可以',
  PRIMARY KEY (`id`)
) ENGINE=InnoDB AUTO_INCREMENT=2 DEFAULT CHARSET=utf8 COMMENT='积分消费设置';

-- ----------------------------
-- Records of ums_integration_consume_setting
-- ----------------------------
BEGIN;
INSERT INTO `ums_integration_consume_setting` VALUES (1, 100, 50, 100, 1);
COMMIT;

-- ----------------------------
-- Table structure for ums_member
-- ----------------------------
DROP TABLE IF EXISTS `ums_member`;
CREATE TABLE `ums_member` (
  `id` bigint(20) NOT NULL AUTO_INCREMENT,
  `member_level_id` bigint(20) DEFAULT NULL,
  `username` varchar(64) DEFAULT NULL COMMENT '用户名',
  `password` varchar(64) DEFAULT NULL COMMENT '密码',
  `nickname` varchar(64) DEFAULT NULL COMMENT '昵称',
  `phone` varchar(64) DEFAULT NULL COMMENT '手机号码',
  `status` int(1) DEFAULT NULL COMMENT '帐号启用状态:0->禁用；1->启用',
  `create_time` datetime DEFAULT NULL COMMENT '注册时间',
  `icon` varchar(500) DEFAULT NULL COMMENT '头像',
  `gender` int(1) DEFAULT NULL COMMENT '性别：0->未知；1->男；2->女',
  `birthday` date DEFAULT NULL COMMENT '生日',
  `city` varchar(64) DEFAULT NULL COMMENT '所做城市',
  `job` varchar(100) DEFAULT NULL COMMENT '职业',
  `personalized_signature` varchar(200) DEFAULT NULL COMMENT '个性签名',
  `source_type` int(1) DEFAULT NULL COMMENT '用户来源',
  `integration` int(11) DEFAULT NULL COMMENT '积分',
  `growth` int(11) DEFAULT NULL COMMENT '成长值',
  `luckey_count` int(11) DEFAULT NULL COMMENT '剩余抽奖次数',
  `history_integration` int(11) DEFAULT NULL COMMENT '历史积分数量',
  PRIMARY KEY (`id`),
  UNIQUE KEY `idx_username` (`username`),
  UNIQUE KEY `idx_phone` (`phone`)
) ENGINE=InnoDB AUTO_INCREMENT=10 DEFAULT CHARSET=utf8 COMMENT='会员表';

-- ----------------------------
-- Records of ums_member
-- ----------------------------
BEGIN;
INSERT INTO `ums_member` VALUES (1, 4, 'test', '$2a$10$NZ5o7r2E.ayT2ZoxgjlI.eJ6OEYqjH7INR/F.mXDbjZJi9HF0YCVG', 'windir', '18061581849', 1, '2018-08-02 10:35:44', NULL, 1, '2009-06-01', '上海', '学生', 'test', NULL, 5000, NULL, NULL, NULL);
INSERT INTO `ums_member` VALUES (3, 4, 'windy', '$2a$10$NZ5o7r2E.ayT2ZoxgjlI.eJ6OEYqjH7INR/F.mXDbjZJi9HF0YCVG', 'windy', '18061581848', 1, '2018-08-03 16:46:38', NULL, NULL, NULL, NULL, NULL, NULL, NULL, NULL, NULL, NULL, NULL);
INSERT INTO `ums_member` VALUES (4, 4, 'zhengsan', '$2a$10$NZ5o7r2E.ayT2ZoxgjlI.eJ6OEYqjH7INR/F.mXDbjZJi9HF0YCVG', 'zhengsan', '18061581847', 1, '2018-11-12 14:12:04', NULL, NULL, NULL, NULL, NULL, NULL, NULL, NULL, NULL, NULL, NULL);
INSERT INTO `ums_member` VALUES (5, 4, 'lisi', '$2a$10$NZ5o7r2E.ayT2ZoxgjlI.eJ6OEYqjH7INR/F.mXDbjZJi9HF0YCVG', 'lisi', '18061581841', 1, '2018-11-12 14:12:38', NULL, NULL, NULL, NULL, NULL, NULL, NULL, NULL, NULL, NULL, NULL);
INSERT INTO `ums_member` VALUES (6, 4, 'wangwu', '$2a$10$NZ5o7r2E.ayT2ZoxgjlI.eJ6OEYqjH7INR/F.mXDbjZJi9HF0YCVG', 'wangwu', '18061581842', 1, '2018-11-12 14:13:09', NULL, NULL, NULL, NULL, NULL, NULL, NULL, NULL, NULL, NULL, NULL);
INSERT INTO `ums_member` VALUES (7, 4, 'lion', '$2a$10$NZ5o7r2E.ayT2ZoxgjlI.eJ6OEYqjH7INR/F.mXDbjZJi9HF0YCVG', 'lion', '18061581845', 1, '2018-11-12 14:21:39', NULL, NULL, NULL, NULL, NULL, NULL, NULL, NULL, NULL, NULL, NULL);
INSERT INTO `ums_member` VALUES (8, 4, 'shari', '$2a$10$NZ5o7r2E.ayT2ZoxgjlI.eJ6OEYqjH7INR/F.mXDbjZJi9HF0YCVG', 'shari', '18061581844', 1, '2018-11-12 14:22:00', NULL, NULL, NULL, NULL, NULL, NULL, NULL, NULL, NULL, NULL, NULL);
INSERT INTO `ums_member` VALUES (9, 4, 'aewen', '$2a$10$NZ5o7r2E.ayT2ZoxgjlI.eJ6OEYqjH7INR/F.mXDbjZJi9HF0YCVG', 'aewen', '18061581843', 1, '2018-11-12 14:22:55', NULL, NULL, NULL, NULL, NULL, NULL, NULL, NULL, NULL, NULL, NULL);
COMMIT;

-- ----------------------------
-- Table structure for ums_member_level
-- ----------------------------
DROP TABLE IF EXISTS `ums_member_level`;
CREATE TABLE `ums_member_level` (
  `id` bigint(20) NOT NULL AUTO_INCREMENT,
  `name` varchar(100) DEFAULT NULL,
  `growth_point` int(11) DEFAULT NULL,
  `default_status` int(1) DEFAULT NULL COMMENT '是否为默认等级：0->不是；1->是',
  `free_freight_point` decimal(10,2) DEFAULT NULL COMMENT '免运费标准',
  `comment_growth_point` int(11) DEFAULT NULL COMMENT '每次评价获取的成长值',
  `priviledge_free_freight` int(1) DEFAULT NULL COMMENT '是否有免邮特权',
  `priviledge_sign_in` int(1) DEFAULT NULL COMMENT '是否有签到特权',
  `priviledge_comment` int(1) DEFAULT NULL COMMENT '是否有评论获奖励特权',
  `priviledge_promotion` int(1) DEFAULT NULL COMMENT '是否有专享活动特权',
  `priviledge_member_price` int(1) DEFAULT NULL COMMENT '是否有会员价格特权',
  `priviledge_birthday` int(1) DEFAULT NULL COMMENT '是否有生日特权',
  `note` varchar(200) DEFAULT NULL,
  PRIMARY KEY (`id`)
) ENGINE=InnoDB AUTO_INCREMENT=5 DEFAULT CHARSET=utf8 COMMENT='会员等级表';

-- ----------------------------
-- Records of ums_member_level
-- ----------------------------
BEGIN;
INSERT INTO `ums_member_level` VALUES (1, '黄金会员', 1000, 0, 199.00, 5, 1, 1, 1, 1, 1, 1, NULL);
INSERT INTO `ums_member_level` VALUES (2, '白金会员', 5000, 0, 99.00, 10, 1, 1, 1, 1, 1, 1, NULL);
INSERT INTO `ums_member_level` VALUES (3, '钻石会员', 15000, 0, 69.00, 15, 1, 1, 1, 1, 1, 1, NULL);
INSERT INTO `ums_member_level` VALUES (4, '普通会员', 1, 1, 199.00, 20, 1, 1, 1, 1, 0, 0, NULL);
COMMIT;

-- ----------------------------
-- Table structure for ums_member_login_log
-- ----------------------------
DROP TABLE IF EXISTS `ums_member_login_log`;
CREATE TABLE `ums_member_login_log` (
  `id` bigint(20) NOT NULL AUTO_INCREMENT,
  `member_id` bigint(20) DEFAULT NULL,
  `create_time` datetime DEFAULT NULL,
  `ip` varchar(64) DEFAULT NULL,
  `city` varchar(64) DEFAULT NULL,
  `login_type` int(1) DEFAULT NULL COMMENT '登录类型：0->PC；1->android;2->ios;3->小程序',
  `province` varchar(64) DEFAULT NULL,
  PRIMARY KEY (`id`)
) ENGINE=InnoDB DEFAULT CHARSET=utf8 COMMENT='会员登录记录';

-- ----------------------------
-- Records of ums_member_login_log
-- ----------------------------
BEGIN;
COMMIT;

-- ----------------------------
-- Table structure for ums_member_member_tag_relation
-- ----------------------------
DROP TABLE IF EXISTS `ums_member_member_tag_relation`;
CREATE TABLE `ums_member_member_tag_relation` (
  `id` bigint(20) NOT NULL AUTO_INCREMENT,
  `member_id` bigint(20) DEFAULT NULL,
  `tag_id` bigint(20) DEFAULT NULL,
  PRIMARY KEY (`id`)
) ENGINE=InnoDB DEFAULT CHARSET=utf8 COMMENT='用户和标签关系表';

-- ----------------------------
-- Records of ums_member_member_tag_relation
-- ----------------------------
BEGIN;
COMMIT;

-- ----------------------------
-- Table structure for ums_member_product_category_relation
-- ----------------------------
DROP TABLE IF EXISTS `ums_member_product_category_relation`;
CREATE TABLE `ums_member_product_category_relation` (
  `id` bigint(20) NOT NULL AUTO_INCREMENT,
  `member_id` bigint(20) DEFAULT NULL,
  `product_category_id` bigint(20) DEFAULT NULL,
  PRIMARY KEY (`id`)
) ENGINE=InnoDB DEFAULT CHARSET=utf8 COMMENT='会员与产品分类关系表（用户喜欢的分类）';

-- ----------------------------
-- Records of ums_member_product_category_relation
-- ----------------------------
BEGIN;
COMMIT;

-- ----------------------------
-- Table structure for ums_member_receive_address
-- ----------------------------
DROP TABLE IF EXISTS `ums_member_receive_address`;
CREATE TABLE `ums_member_receive_address` (
  `id` bigint(20) NOT NULL AUTO_INCREMENT,
  `member_id` bigint(20) DEFAULT NULL,
  `name` varchar(100) DEFAULT NULL COMMENT '收货人名称',
  `phone_number` varchar(64) DEFAULT NULL,
  `default_status` int(1) DEFAULT NULL COMMENT '是否为默认',
  `post_code` varchar(100) DEFAULT NULL COMMENT '邮政编码',
  `province` varchar(100) DEFAULT NULL COMMENT '省份/直辖市',
  `city` varchar(100) DEFAULT NULL COMMENT '城市',
  `region` varchar(100) DEFAULT NULL COMMENT '区',
  `detail_address` varchar(128) DEFAULT NULL COMMENT '详细地址(街道)',
  PRIMARY KEY (`id`)
) ENGINE=InnoDB AUTO_INCREMENT=5 DEFAULT CHARSET=utf8 COMMENT='会员收货地址表';

-- ----------------------------
-- Records of ums_member_receive_address
-- ----------------------------
BEGIN;
INSERT INTO `ums_member_receive_address` VALUES (1, 1, '大梨', '18033441849', 0, '518000', '广东省', '深圳市', '南山区', '科兴科学园');
INSERT INTO `ums_member_receive_address` VALUES (3, 1, '大梨', '18033441849', 0, '518000', '广东省', '深圳市', '福田区', '清水河街道');
INSERT INTO `ums_member_receive_address` VALUES (4, 1, '大梨', '18033441849', 1, '518000', '广东省', '深圳市', '福田区', '东晓街道');
COMMIT;

-- ----------------------------
-- Table structure for ums_member_rule_setting
-- ----------------------------
DROP TABLE IF EXISTS `ums_member_rule_setting`;
CREATE TABLE `ums_member_rule_setting` (
  `id` bigint(20) NOT NULL AUTO_INCREMENT,
  `continue_sign_day` int(11) DEFAULT NULL COMMENT '连续签到天数',
  `continue_sign_point` int(11) DEFAULT NULL COMMENT '连续签到赠送数量',
  `consume_per_point` decimal(10,2) DEFAULT NULL COMMENT '每消费多少元获取1个点',
  `low_order_amount` decimal(10,2) DEFAULT NULL COMMENT '最低获取点数的订单金额',
  `max_point_per_order` int(11) DEFAULT NULL COMMENT '每笔订单最高获取点数',
  `type` int(1) DEFAULT NULL COMMENT '类型：0->积分规则；1->成长值规则',
  PRIMARY KEY (`id`)
) ENGINE=InnoDB DEFAULT CHARSET=utf8 COMMENT='会员积分成长规则表';

-- ----------------------------
-- Records of ums_member_rule_setting
-- ----------------------------
BEGIN;
COMMIT;

-- ----------------------------
-- Table structure for ums_member_statistics_info
-- ----------------------------
DROP TABLE IF EXISTS `ums_member_statistics_info`;
CREATE TABLE `ums_member_statistics_info` (
  `id` bigint(20) NOT NULL AUTO_INCREMENT,
  `member_id` bigint(20) DEFAULT NULL,
  `consume_amount` decimal(10,2) DEFAULT NULL COMMENT '累计消费金额',
  `order_count` int(11) DEFAULT NULL COMMENT '订单数量',
  `coupon_count` int(11) DEFAULT NULL COMMENT '优惠券数量',
  `comment_count` int(11) DEFAULT NULL COMMENT '评价数',
  `return_order_count` int(11) DEFAULT NULL COMMENT '退货数量',
  `login_count` int(11) DEFAULT NULL COMMENT '登录次数',
  `attend_count` int(11) DEFAULT NULL COMMENT '关注数量',
  `fans_count` int(11) DEFAULT NULL COMMENT '粉丝数量',
  `collect_product_count` int(11) DEFAULT NULL,
  `collect_subject_count` int(11) DEFAULT NULL,
  `collect_topic_count` int(11) DEFAULT NULL,
  `collect_comment_count` int(11) DEFAULT NULL,
  `invite_friend_count` int(11) DEFAULT NULL,
  `recent_order_time` datetime DEFAULT NULL COMMENT '最后一次下订单时间',
  PRIMARY KEY (`id`)
) ENGINE=InnoDB DEFAULT CHARSET=utf8 COMMENT='会员统计信息';

-- ----------------------------
-- Records of ums_member_statistics_info
-- ----------------------------
BEGIN;
COMMIT;

-- ----------------------------
-- Table structure for ums_member_tag
-- ----------------------------
DROP TABLE IF EXISTS `ums_member_tag`;
CREATE TABLE `ums_member_tag` (
  `id` bigint(20) NOT NULL AUTO_INCREMENT,
  `name` varchar(100) DEFAULT NULL,
  `finish_order_count` int(11) DEFAULT NULL COMMENT '自动打标签完成订单数量',
  `finish_order_amount` decimal(10,2) DEFAULT NULL COMMENT '自动打标签完成订单金额',
  PRIMARY KEY (`id`)
) ENGINE=InnoDB DEFAULT CHARSET=utf8 COMMENT='用户标签表';

-- ----------------------------
-- Records of ums_member_tag
-- ----------------------------
BEGIN;
COMMIT;

-- ----------------------------
-- Table structure for ums_member_task
-- ----------------------------
DROP TABLE IF EXISTS `ums_member_task`;
CREATE TABLE `ums_member_task` (
  `id` bigint(20) NOT NULL AUTO_INCREMENT,
  `name` varchar(100) DEFAULT NULL,
  `growth` int(11) DEFAULT NULL COMMENT '赠送成长值',
  `intergration` int(11) DEFAULT NULL COMMENT '赠送积分',
  `type` int(1) DEFAULT NULL COMMENT '任务类型：0->新手任务；1->日常任务',
  PRIMARY KEY (`id`)
) ENGINE=InnoDB DEFAULT CHARSET=utf8 COMMENT='会员任务表';

-- ----------------------------
-- Records of ums_member_task
-- ----------------------------
BEGIN;
COMMIT;

-- ----------------------------
-- Table structure for ums_menu
-- ----------------------------
DROP TABLE IF EXISTS `ums_menu`;
CREATE TABLE `ums_menu` (
  `id` bigint(20) NOT NULL AUTO_INCREMENT,
  `parent_id` bigint(20) DEFAULT NULL COMMENT '父级ID',
  `create_time` datetime DEFAULT NULL COMMENT '创建时间',
  `title` varchar(100) DEFAULT NULL COMMENT '菜单名称',
  `level` int(4) DEFAULT NULL COMMENT '菜单级数',
  `sort` int(4) DEFAULT NULL COMMENT '菜单排序',
  `name` varchar(100) DEFAULT NULL COMMENT '前端名称',
  `icon` varchar(200) DEFAULT NULL COMMENT '前端图标',
  `hidden` int(1) DEFAULT NULL COMMENT '前端隐藏',
  PRIMARY KEY (`id`)
) ENGINE=InnoDB AUTO_INCREMENT=26 DEFAULT CHARSET=utf8 COMMENT='后台菜单表';

-- ----------------------------
-- Records of ums_menu
-- ----------------------------
BEGIN;
INSERT INTO `ums_menu` VALUES (1, 0, '2020-02-02 14:50:36', '商品', 0, 0, 'pms', 'product', 0);
INSERT INTO `ums_menu` VALUES (2, 1, '2020-02-02 14:51:50', '商品列表', 1, 0, 'product', 'product-list', 0);
INSERT INTO `ums_menu` VALUES (3, 1, '2020-02-02 14:52:44', '添加商品', 1, 0, 'addProduct', 'product-add', 0);
INSERT INTO `ums_menu` VALUES (4, 1, '2020-02-02 14:53:51', '商品分类', 1, 0, 'productCate', 'product-cate', 0);
INSERT INTO `ums_menu` VALUES (5, 1, '2020-02-02 14:54:51', '商品类型', 1, 0, 'productAttr', 'product-attr', 0);
INSERT INTO `ums_menu` VALUES (6, 1, '2020-02-02 14:56:29', '品牌管理', 1, 0, 'brand', 'product-brand', 0);
INSERT INTO `ums_menu` VALUES (7, 0, '2020-02-02 16:54:07', '订单', 0, 0, 'oms', 'order', 0);
INSERT INTO `ums_menu` VALUES (8, 7, '2020-02-02 16:55:18', '订单列表', 1, 0, 'order', 'product-list', 0);
INSERT INTO `ums_menu` VALUES (9, 7, '2020-02-02 16:56:46', '订单设置', 1, 0, 'orderSetting', 'order-setting', 0);
INSERT INTO `ums_menu` VALUES (10, 7, '2020-02-02 16:57:39', '退货申请处理', 1, 0, 'returnApply', 'order-return', 0);
INSERT INTO `ums_menu` VALUES (11, 7, '2020-02-02 16:59:40', '退货原因设置', 1, 0, 'returnReason', 'order-return-reason', 0);
INSERT INTO `ums_menu` VALUES (12, 0, '2020-02-04 16:18:00', '营销', 0, 0, 'sms', 'sms', 0);
INSERT INTO `ums_menu` VALUES (13, 12, '2020-02-04 16:19:22', '秒杀活动列表', 1, 0, 'flash', 'sms-flash', 0);
INSERT INTO `ums_menu` VALUES (14, 12, '2020-02-04 16:20:16', '优惠券列表', 1, 0, 'coupon', 'sms-coupon', 0);
INSERT INTO `ums_menu` VALUES (16, 12, '2020-02-07 16:22:38', '品牌推荐', 1, 0, 'homeBrand', 'product-brand', 0);
INSERT INTO `ums_menu` VALUES (17, 12, '2020-02-07 16:23:14', '新品推荐', 1, 0, 'homeNew', 'sms-new', 0);
INSERT INTO `ums_menu` VALUES (18, 12, '2020-02-07 16:26:38', '人气推荐', 1, 0, 'homeHot', 'sms-hot', 0);
INSERT INTO `ums_menu` VALUES (19, 12, '2020-02-07 16:28:16', '专题推荐', 1, 0, 'homeSubject', 'sms-subject', 0);
INSERT INTO `ums_menu` VALUES (20, 12, '2020-02-07 16:28:42', '广告列表', 1, 0, 'homeAdvertise', 'sms-ad', 0);
INSERT INTO `ums_menu` VALUES (21, 0, '2020-02-07 16:29:13', '权限', 0, 0, 'ums', 'ums', 0);
INSERT INTO `ums_menu` VALUES (22, 21, '2020-02-07 16:29:51', '用户列表', 1, 0, 'admin', 'ums-admin', 0);
INSERT INTO `ums_menu` VALUES (23, 21, '2020-02-07 16:30:13', '角色列表', 1, 0, 'role', 'ums-role', 0);
INSERT INTO `ums_menu` VALUES (24, 21, '2020-02-07 16:30:53', '菜单列表', 1, 0, 'menu', 'ums-menu', 0);
INSERT INTO `ums_menu` VALUES (25, 21, '2020-02-07 16:31:13', '资源列表', 1, 0, 'resource', 'ums-resource', 0);
COMMIT;

-- ----------------------------
-- Table structure for ums_permission
-- ----------------------------
DROP TABLE IF EXISTS `ums_permission`;
CREATE TABLE `ums_permission` (
  `id` bigint(20) NOT NULL AUTO_INCREMENT,
  `pid` bigint(20) DEFAULT NULL COMMENT '父级权限id',
  `name` varchar(100) DEFAULT NULL COMMENT '名称',
  `value` varchar(200) DEFAULT NULL COMMENT '权限值',
  `icon` varchar(500) DEFAULT NULL COMMENT '图标',
  `type` int(1) DEFAULT NULL COMMENT '权限类型：0->目录；1->菜单；2->按钮（接口绑定权限）',
  `uri` varchar(200) DEFAULT NULL COMMENT '前端资源路径',
  `status` int(1) DEFAULT NULL COMMENT '启用状态；0->禁用；1->启用',
  `create_time` datetime DEFAULT NULL COMMENT '创建时间',
  `sort` int(11) DEFAULT NULL COMMENT '排序',
  PRIMARY KEY (`id`)
) ENGINE=InnoDB AUTO_INCREMENT=19 DEFAULT CHARSET=utf8 COMMENT='后台用户权限表';

-- ----------------------------
-- Records of ums_permission
-- ----------------------------
BEGIN;
INSERT INTO `ums_permission` VALUES (1, 0, '商品', NULL, NULL, 0, NULL, 1, '2018-09-29 16:15:14', 0);
INSERT INTO `ums_permission` VALUES (2, 1, '商品列表', 'pms:product:read', NULL, 1, '/pms/product/index', 1, '2018-09-29 16:17:01', 0);
INSERT INTO `ums_permission` VALUES (3, 1, '添加商品', 'pms:product:create', NULL, 1, '/pms/product/add', 1, '2018-09-29 16:18:51', 0);
INSERT INTO `ums_permission` VALUES (4, 1, '商品分类', 'pms:productCategory:read', NULL, 1, '/pms/productCate/index', 1, '2018-09-29 16:23:07', 0);
INSERT INTO `ums_permission` VALUES (5, 1, '商品类型', 'pms:productAttribute:read', NULL, 1, '/pms/productAttr/index', 1, '2018-09-29 16:24:43', 0);
INSERT INTO `ums_permission` VALUES (6, 1, '品牌管理', 'pms:brand:read', NULL, 1, '/pms/brand/index', 1, '2018-09-29 16:25:45', 0);
INSERT INTO `ums_permission` VALUES (7, 2, '编辑商品', 'pms:product:update', NULL, 2, '/pms/product/updateProduct', 1, '2018-09-29 16:34:23', 0);
INSERT INTO `ums_permission` VALUES (8, 2, '删除商品', 'pms:product:delete', NULL, 2, '/pms/product/delete', 1, '2018-09-29 16:38:33', 0);
INSERT INTO `ums_permission` VALUES (9, 4, '添加商品分类', 'pms:productCategory:create', NULL, 2, '/pms/productCate/create', 1, '2018-09-29 16:43:23', 0);
INSERT INTO `ums_permission` VALUES (10, 4, '修改商品分类', 'pms:productCategory:update', NULL, 2, '/pms/productCate/update', 1, '2018-09-29 16:43:55', 0);
INSERT INTO `ums_permission` VALUES (11, 4, '删除商品分类', 'pms:productCategory:delete', NULL, 2, '/pms/productAttr/delete', 1, '2018-09-29 16:44:38', 0);
INSERT INTO `ums_permission` VALUES (12, 5, '添加商品类型', 'pms:productAttribute:create', NULL, 2, '/pms/productAttr/create', 1, '2018-09-29 16:45:25', 0);
INSERT INTO `ums_permission` VALUES (13, 5, '修改商品类型', 'pms:productAttribute:update', NULL, 2, '/pms/productAttr/update', 1, '2018-09-29 16:48:08', 0);
INSERT INTO `ums_permission` VALUES (14, 5, '删除商品类型', 'pms:productAttribute:delete', NULL, 2, '/pms/productAttr/delete', 1, '2018-09-29 16:48:44', 0);
INSERT INTO `ums_permission` VALUES (15, 6, '添加品牌', 'pms:brand:create', NULL, 2, '/pms/brand/add', 1, '2018-09-29 16:49:34', 0);
INSERT INTO `ums_permission` VALUES (16, 6, '修改品牌', 'pms:brand:update', NULL, 2, '/pms/brand/update', 1, '2018-09-29 16:50:55', 0);
INSERT INTO `ums_permission` VALUES (17, 6, '删除品牌', 'pms:brand:delete', NULL, 2, '/pms/brand/delete', 1, '2018-09-29 16:50:59', 0);
INSERT INTO `ums_permission` VALUES (18, 0, '首页', NULL, NULL, 0, NULL, 1, '2018-09-29 16:51:57', 0);
COMMIT;

-- ----------------------------
-- Table structure for ums_resource
-- ----------------------------
DROP TABLE IF EXISTS `ums_resource`;
CREATE TABLE `ums_resource` (
  `id` bigint(20) NOT NULL AUTO_INCREMENT,
  `create_time` datetime DEFAULT NULL COMMENT '创建时间',
  `name` varchar(200) DEFAULT NULL COMMENT '资源名称',
  `url` varchar(200) DEFAULT NULL COMMENT '资源URL',
  `description` varchar(500) DEFAULT NULL COMMENT '描述',
  `category_id` bigint(20) DEFAULT NULL COMMENT '资源分类ID',
  PRIMARY KEY (`id`)
) ENGINE=InnoDB AUTO_INCREMENT=33 DEFAULT CHARSET=utf8 COMMENT='后台资源表';

-- ----------------------------
-- Records of ums_resource
-- ----------------------------
BEGIN;
INSERT INTO `ums_resource` VALUES (1, '2020-02-04 17:04:55', '商品品牌管理', '/brand/**', NULL, 1);
INSERT INTO `ums_resource` VALUES (2, '2020-02-04 17:05:35', '商品属性分类管理', '/productAttribute/**', NULL, 1);
INSERT INTO `ums_resource` VALUES (3, '2020-02-04 17:06:13', '商品属性管理', '/productAttribute/**', NULL, 1);
INSERT INTO `ums_resource` VALUES (4, '2020-02-04 17:07:15', '商品分类管理', '/productCategory/**', NULL, 1);
INSERT INTO `ums_resource` VALUES (5, '2020-02-04 17:09:16', '商品管理', '/product/**', NULL, 1);
INSERT INTO `ums_resource` VALUES (6, '2020-02-04 17:09:53', '商品库存管理', '/sku/**', NULL, 1);
INSERT INTO `ums_resource` VALUES (8, '2020-02-05 14:43:37', '订单管理', '/order/**', '', 2);
INSERT INTO `ums_resource` VALUES (9, '2020-02-05 14:44:22', ' 订单退货申请管理', '/returnApply/**', '', 2);
INSERT INTO `ums_resource` VALUES (10, '2020-02-05 14:45:08', '退货原因管理', '/returnReason/**', '', 2);
INSERT INTO `ums_resource` VALUES (11, '2020-02-05 14:45:43', '订单设置管理', '/orderSetting/**', '', 2);
INSERT INTO `ums_resource` VALUES (12, '2020-02-05 14:46:23', '收货地址管理', '/companyAddress/**', '', 2);
INSERT INTO `ums_resource` VALUES (13, '2020-02-07 16:37:22', '优惠券管理', '/coupon/**', '', 3);
INSERT INTO `ums_resource` VALUES (14, '2020-02-07 16:37:59', '优惠券领取记录管理', '/couponHistory/**', '', 3);
INSERT INTO `ums_resource` VALUES (15, '2020-02-07 16:38:28', '限时购活动管理', '/flash/**', '', 3);
INSERT INTO `ums_resource` VALUES (16, '2020-02-07 16:38:59', '限时购商品关系管理', '/flashProductRelation/**', '', 3);
INSERT INTO `ums_resource` VALUES (17, '2020-02-07 16:39:22', '限时购场次管理', '/flashSession/**', '', 3);
INSERT INTO `ums_resource` VALUES (18, '2020-02-07 16:40:07', '首页轮播广告管理', '/home/advertise/**', '', 3);
INSERT INTO `ums_resource` VALUES (19, '2020-02-07 16:40:34', '首页品牌管理', '/home/brand/**', '', 3);
INSERT INTO `ums_resource` VALUES (20, '2020-02-07 16:41:06', '首页新品管理', '/home/newProduct/**', '', 3);
INSERT INTO `ums_resource` VALUES (21, '2020-02-07 16:42:16', '首页人气推荐管理', '/home/recommendProduct/**', '', 3);
INSERT INTO `ums_resource` VALUES (22, '2020-02-07 16:42:48', '首页专题推荐管理', '/home/recommendSubject/**', '', 3);
INSERT INTO `ums_resource` VALUES (23, '2020-02-07 16:44:56', ' 商品优选管理', '/prefrenceArea/**', '', 5);
INSERT INTO `ums_resource` VALUES (24, '2020-02-07 16:45:39', '商品专题管理', '/subject/**', '', 5);
INSERT INTO `ums_resource` VALUES (25, '2020-02-07 16:47:34', '后台用户管理', '/admin/**', '', 4);
INSERT INTO `ums_resource` VALUES (26, '2020-02-07 16:48:24', '后台用户角色管理', '/role/**', '', 4);
INSERT INTO `ums_resource` VALUES (27, '2020-02-07 16:48:48', '后台菜单管理', '/menu/**', '', 4);
INSERT INTO `ums_resource` VALUES (28, '2020-02-07 16:49:18', '后台资源分类管理', '/resourceCategory/**', '', 4);
INSERT INTO `ums_resource` VALUES (29, '2020-02-07 16:49:45', '后台资源管理', '/resource/**', '', 4);
INSERT INTO `ums_resource` VALUES (31, '2020-08-24 13:43:54', '登录后获取用户信息', '/admin/info', '后台用户登录需要配置', 4);
INSERT INTO `ums_resource` VALUES (32, '2020-08-24 13:44:37', '后台用户登出', '/admin/logout', '后台用户登出需要配置', 4);
COMMIT;

-- ----------------------------
-- Table structure for ums_resource_category
-- ----------------------------
DROP TABLE IF EXISTS `ums_resource_category`;
CREATE TABLE `ums_resource_category` (
  `id` bigint(20) NOT NULL AUTO_INCREMENT,
  `create_time` datetime DEFAULT NULL COMMENT '创建时间',
  `name` varchar(200) DEFAULT NULL COMMENT '分类名称',
  `sort` int(4) DEFAULT NULL COMMENT '排序',
  PRIMARY KEY (`id`)
) ENGINE=InnoDB AUTO_INCREMENT=7 DEFAULT CHARSET=utf8 COMMENT='资源分类表';

-- ----------------------------
-- Records of ums_resource_category
-- ----------------------------
BEGIN;
INSERT INTO `ums_resource_category` VALUES (1, '2020-02-05 10:21:44', '商品模块', 0);
INSERT INTO `ums_resource_category` VALUES (2, '2020-02-05 10:22:34', '订单模块', 0);
INSERT INTO `ums_resource_category` VALUES (3, '2020-02-05 10:22:48', '营销模块', 0);
INSERT INTO `ums_resource_category` VALUES (4, '2020-02-05 10:23:04', '权限模块', 0);
INSERT INTO `ums_resource_category` VALUES (5, '2020-02-07 16:34:27', '内容模块', 0);
INSERT INTO `ums_resource_category` VALUES (6, '2020-02-07 16:35:49', '其他模块', 0);
COMMIT;

-- ----------------------------
-- Table structure for ums_role
-- ----------------------------
DROP TABLE IF EXISTS `ums_role`;
CREATE TABLE `ums_role` (
  `id` bigint(20) NOT NULL AUTO_INCREMENT,
  `name` varchar(100) DEFAULT NULL COMMENT '名称',
  `description` varchar(500) DEFAULT NULL COMMENT '描述',
  `admin_count` int(11) DEFAULT NULL COMMENT '后台用户数量',
  `create_time` datetime DEFAULT NULL COMMENT '创建时间',
  `status` int(1) DEFAULT '1' COMMENT '启用状态：0->禁用；1->启用',
  `sort` int(11) DEFAULT '0',
  PRIMARY KEY (`id`)
) ENGINE=InnoDB AUTO_INCREMENT=6 DEFAULT CHARSET=utf8 COMMENT='后台用户角色表';

-- ----------------------------
-- Records of ums_role
-- ----------------------------
BEGIN;
INSERT INTO `ums_role` VALUES (1, '商品管理员', '只能查看及操作商品', 0, '2020-02-03 16:50:37', 1, 0);
INSERT INTO `ums_role` VALUES (2, '订单管理员', '只能查看及操作订单', 0, '2018-09-30 15:53:45', 1, 0);
INSERT INTO `ums_role` VALUES (5, '超级管理员', '拥有所有查看和操作功能', 0, '2020-02-02 15:11:05', 1, 0);
COMMIT;

-- ----------------------------
-- Table structure for ums_role_menu_relation
-- ----------------------------
DROP TABLE IF EXISTS `ums_role_menu_relation`;
CREATE TABLE `ums_role_menu_relation` (
  `id` bigint(20) NOT NULL AUTO_INCREMENT,
  `role_id` bigint(20) DEFAULT NULL COMMENT '角色ID',
  `menu_id` bigint(20) DEFAULT NULL COMMENT '菜单ID',
  PRIMARY KEY (`id`)
) ENGINE=InnoDB AUTO_INCREMENT=96 DEFAULT CHARSET=utf8 COMMENT='后台角色菜单关系表';

-- ----------------------------
-- Records of ums_role_menu_relation
-- ----------------------------
BEGIN;
INSERT INTO `ums_role_menu_relation` VALUES (33, 1, 1);
INSERT INTO `ums_role_menu_relation` VALUES (34, 1, 2);
INSERT INTO `ums_role_menu_relation` VALUES (35, 1, 3);
INSERT INTO `ums_role_menu_relation` VALUES (36, 1, 4);
INSERT INTO `ums_role_menu_relation` VALUES (37, 1, 5);
INSERT INTO `ums_role_menu_relation` VALUES (38, 1, 6);
INSERT INTO `ums_role_menu_relation` VALUES (53, 2, 7);
INSERT INTO `ums_role_menu_relation` VALUES (54, 2, 8);
INSERT INTO `ums_role_menu_relation` VALUES (55, 2, 9);
INSERT INTO `ums_role_menu_relation` VALUES (56, 2, 10);
INSERT INTO `ums_role_menu_relation` VALUES (57, 2, 11);
INSERT INTO `ums_role_menu_relation` VALUES (72, 5, 1);
INSERT INTO `ums_role_menu_relation` VALUES (73, 5, 2);
INSERT INTO `ums_role_menu_relation` VALUES (74, 5, 3);
INSERT INTO `ums_role_menu_relation` VALUES (75, 5, 4);
INSERT INTO `ums_role_menu_relation` VALUES (76, 5, 5);
INSERT INTO `ums_role_menu_relation` VALUES (77, 5, 6);
INSERT INTO `ums_role_menu_relation` VALUES (78, 5, 7);
INSERT INTO `ums_role_menu_relation` VALUES (79, 5, 8);
INSERT INTO `ums_role_menu_relation` VALUES (80, 5, 9);
INSERT INTO `ums_role_menu_relation` VALUES (81, 5, 10);
INSERT INTO `ums_role_menu_relation` VALUES (82, 5, 11);
INSERT INTO `ums_role_menu_relation` VALUES (83, 5, 12);
INSERT INTO `ums_role_menu_relation` VALUES (84, 5, 13);
INSERT INTO `ums_role_menu_relation` VALUES (85, 5, 14);
INSERT INTO `ums_role_menu_relation` VALUES (86, 5, 16);
INSERT INTO `ums_role_menu_relation` VALUES (87, 5, 17);
INSERT INTO `ums_role_menu_relation` VALUES (88, 5, 18);
INSERT INTO `ums_role_menu_relation` VALUES (89, 5, 19);
INSERT INTO `ums_role_menu_relation` VALUES (90, 5, 20);
INSERT INTO `ums_role_menu_relation` VALUES (91, 5, 21);
INSERT INTO `ums_role_menu_relation` VALUES (92, 5, 22);
INSERT INTO `ums_role_menu_relation` VALUES (93, 5, 23);
INSERT INTO `ums_role_menu_relation` VALUES (94, 5, 24);
INSERT INTO `ums_role_menu_relation` VALUES (95, 5, 25);
COMMIT;

-- ----------------------------
-- Table structure for ums_role_permission_relation
-- ----------------------------
DROP TABLE IF EXISTS `ums_role_permission_relation`;
CREATE TABLE `ums_role_permission_relation` (
  `id` bigint(20) NOT NULL AUTO_INCREMENT,
  `role_id` bigint(20) DEFAULT NULL,
  `permission_id` bigint(20) DEFAULT NULL,
  PRIMARY KEY (`id`)
) ENGINE=InnoDB AUTO_INCREMENT=18 DEFAULT CHARSET=utf8 COMMENT='后台用户角色和权限关系表';

-- ----------------------------
-- Records of ums_role_permission_relation
-- ----------------------------
BEGIN;
INSERT INTO `ums_role_permission_relation` VALUES (1, 1, 1);
INSERT INTO `ums_role_permission_relation` VALUES (2, 1, 2);
INSERT INTO `ums_role_permission_relation` VALUES (3, 1, 3);
INSERT INTO `ums_role_permission_relation` VALUES (4, 1, 7);
INSERT INTO `ums_role_permission_relation` VALUES (5, 1, 8);
INSERT INTO `ums_role_permission_relation` VALUES (6, 2, 4);
INSERT INTO `ums_role_permission_relation` VALUES (7, 2, 9);
INSERT INTO `ums_role_permission_relation` VALUES (8, 2, 10);
INSERT INTO `ums_role_permission_relation` VALUES (9, 2, 11);
INSERT INTO `ums_role_permission_relation` VALUES (10, 3, 5);
INSERT INTO `ums_role_permission_relation` VALUES (11, 3, 12);
INSERT INTO `ums_role_permission_relation` VALUES (12, 3, 13);
INSERT INTO `ums_role_permission_relation` VALUES (13, 3, 14);
INSERT INTO `ums_role_permission_relation` VALUES (14, 4, 6);
INSERT INTO `ums_role_permission_relation` VALUES (15, 4, 15);
INSERT INTO `ums_role_permission_relation` VALUES (16, 4, 16);
INSERT INTO `ums_role_permission_relation` VALUES (17, 4, 17);
COMMIT;

-- ----------------------------
-- Table structure for ums_role_resource_relation
-- ----------------------------
DROP TABLE IF EXISTS `ums_role_resource_relation`;
CREATE TABLE `ums_role_resource_relation` (
  `id` bigint(20) NOT NULL AUTO_INCREMENT,
  `role_id` bigint(20) DEFAULT NULL COMMENT '角色ID',
  `resource_id` bigint(20) DEFAULT NULL COMMENT '资源ID',
  PRIMARY KEY (`id`)
) ENGINE=InnoDB AUTO_INCREMENT=225 DEFAULT CHARSET=utf8 COMMENT='后台角色资源关系表';

-- ----------------------------
-- Records of ums_role_resource_relation
-- ----------------------------
BEGIN;
INSERT INTO `ums_role_resource_relation` VALUES (178, 5, 1);
INSERT INTO `ums_role_resource_relation` VALUES (179, 5, 2);
INSERT INTO `ums_role_resource_relation` VALUES (180, 5, 3);
INSERT INTO `ums_role_resource_relation` VALUES (181, 5, 4);
INSERT INTO `ums_role_resource_relation` VALUES (182, 5, 5);
INSERT INTO `ums_role_resource_relation` VALUES (183, 5, 6);
INSERT INTO `ums_role_resource_relation` VALUES (184, 5, 8);
INSERT INTO `ums_role_resource_relation` VALUES (185, 5, 9);
INSERT INTO `ums_role_resource_relation` VALUES (186, 5, 10);
INSERT INTO `ums_role_resource_relation` VALUES (187, 5, 11);
INSERT INTO `ums_role_resource_relation` VALUES (188, 5, 12);
INSERT INTO `ums_role_resource_relation` VALUES (189, 5, 13);
INSERT INTO `ums_role_resource_relation` VALUES (190, 5, 14);
INSERT INTO `ums_role_resource_relation` VALUES (191, 5, 15);
INSERT INTO `ums_role_resource_relation` VALUES (192, 5, 16);
INSERT INTO `ums_role_resource_relation` VALUES (193, 5, 17);
INSERT INTO `ums_role_resource_relation` VALUES (194, 5, 18);
INSERT INTO `ums_role_resource_relation` VALUES (195, 5, 19);
INSERT INTO `ums_role_resource_relation` VALUES (196, 5, 20);
INSERT INTO `ums_role_resource_relation` VALUES (197, 5, 21);
INSERT INTO `ums_role_resource_relation` VALUES (198, 5, 22);
INSERT INTO `ums_role_resource_relation` VALUES (199, 5, 23);
INSERT INTO `ums_role_resource_relation` VALUES (200, 5, 24);
INSERT INTO `ums_role_resource_relation` VALUES (201, 5, 25);
INSERT INTO `ums_role_resource_relation` VALUES (202, 5, 26);
INSERT INTO `ums_role_resource_relation` VALUES (203, 5, 27);
INSERT INTO `ums_role_resource_relation` VALUES (204, 5, 28);
INSERT INTO `ums_role_resource_relation` VALUES (205, 5, 29);
INSERT INTO `ums_role_resource_relation` VALUES (206, 5, 31);
INSERT INTO `ums_role_resource_relation` VALUES (207, 5, 32);
INSERT INTO `ums_role_resource_relation` VALUES (208, 2, 8);
INSERT INTO `ums_role_resource_relation` VALUES (209, 2, 9);
INSERT INTO `ums_role_resource_relation` VALUES (210, 2, 10);
INSERT INTO `ums_role_resource_relation` VALUES (211, 2, 11);
INSERT INTO `ums_role_resource_relation` VALUES (212, 2, 12);
INSERT INTO `ums_role_resource_relation` VALUES (213, 2, 31);
INSERT INTO `ums_role_resource_relation` VALUES (214, 2, 32);
INSERT INTO `ums_role_resource_relation` VALUES (215, 1, 1);
INSERT INTO `ums_role_resource_relation` VALUES (216, 1, 2);
INSERT INTO `ums_role_resource_relation` VALUES (217, 1, 3);
INSERT INTO `ums_role_resource_relation` VALUES (218, 1, 4);
INSERT INTO `ums_role_resource_relation` VALUES (219, 1, 5);
INSERT INTO `ums_role_resource_relation` VALUES (220, 1, 6);
INSERT INTO `ums_role_resource_relation` VALUES (221, 1, 23);
INSERT INTO `ums_role_resource_relation` VALUES (222, 1, 24);
INSERT INTO `ums_role_resource_relation` VALUES (223, 1, 31);
INSERT INTO `ums_role_resource_relation` VALUES (224, 1, 32);
COMMIT;

-- ----------------------------
-- Table structure for user
-- ----------------------------
DROP TABLE IF EXISTS `user`;
CREATE TABLE `user` (
  `id` int(11) NOT NULL AUTO_INCREMENT,
  `name` varchar(40) DEFAULT NULL,
  `email` varchar(40) DEFAULT NULL,
  `username` varchar(40) DEFAULT NULL,
  `password` varchar(40) DEFAULT NULL,
  `createDate` timestamp NULL DEFAULT NULL,
  `address` varchar(255) DEFAULT NULL,
  `status` tinyint(4) DEFAULT NULL,
  PRIMARY KEY (`id`) USING BTREE
) ENGINE=InnoDB AUTO_INCREMENT=13 DEFAULT CHARSET=utf8 ROW_FORMAT=DYNAMIC;

-- ----------------------------
-- Records of user
-- ----------------------------
BEGIN;
INSERT INTO `user` VALUES (1, '王者归来', '287664409@qq.com', 'admin', '123456', '2020-09-21 00:00:00', '北京市通州区商通大道1号', 0);
INSERT INTO `user` VALUES (2, '小罗', '', 'tiger', '123456', '2020-09-22 00:00:00', '上海市普陀区金沙江路 1518', 0);
INSERT INTO `user` VALUES (3, '福山润', '', 'tiger', '123456', '2020-09-23 00:00:00', '上海市普陀区金沙江路 1518', 0);
INSERT INTO `user` VALUES (4, '莲花池', NULL, 'tiger', 'e10adc3949ba59abbe56e057f20f883e', '2020-09-23 00:00:00', '上海市普陀区金沙江路 1518', 0);
INSERT INTO `user` VALUES (5, '乔峰', NULL, 'tiger', 'e10adc3949ba59abbe56e057f20f883e', '2020-09-23 00:00:00', '上海市普陀区金沙江路 1518', 0);
INSERT INTO `user` VALUES (6, '王小虎', NULL, 'tiger', 'e10adc3949ba59abbe56e057f20f883e', '2020-09-23 00:00:00', '上海市普陀区金沙江路 1518', 0);
INSERT INTO `user` VALUES (7, '王小虎', NULL, 'tiger', 'e10adc3949ba59abbe56e057f20f883e', '2020-09-23 00:00:00', '上海市普陀区金沙江路 1518', 0);
INSERT INTO `user` VALUES (8, '王小虎', NULL, 'tiger', 'e10adc3949ba59abbe56e057f20f883e', '2020-09-23 00:00:00', '上海市普陀区金沙江路 1518', 0);
INSERT INTO `user` VALUES (9, '王小虎', NULL, 'tiger', 'e10adc3949ba59abbe56e057f20f883e', '2020-09-23 00:00:00', '上海市普陀区金沙江路 1518', 0);
INSERT INTO `user` VALUES (10, '王小虎', NULL, 'tiger', 'e10adc3949ba59abbe56e057f20f883e', '2020-09-23 00:00:00', '上海市普陀区金沙江路 1518', 0);
INSERT INTO `user` VALUES (11, '王小虎', NULL, 'tiger', 'e10adc3949ba59abbe56e057f20f883e', '2020-09-23 00:00:00', '上海市普陀区金沙江路 1518', 0);
INSERT INTO `user` VALUES (12, '王小虎', NULL, 'tiger', 'e10adc3949ba59abbe56e057f20f883e', '2020-09-23 00:00:00', '上海市普陀区金沙江路 1518', 0);
COMMIT;

SET FOREIGN_KEY_CHECKS = 1;
